날짜,종가,오픈,고가,저가,거래량,변동 %
2020년 2월 27일,8818.6,8800.1,8968.3,8538.5,1.13M,0.21%
2020년 2월 26일,8800.3,9317.1,9368.1,8672,1.32M,-5.55%
2020년 2월 25일,9317.2,9662.6,9672.3,9269.8,937.97K,-3.57%
2020년 2월 24일,9662.7,9943.2,9981,9507,980.00K,-2.82%
2020년 2월 23일,9942.7,9655.6,9965.6,9653.4,775.88K,2.97%
2020년 2월 22일,9655.7,9684.5,9706.5,9569.8,589.88K,-0.30%
2020년 2월 21일,9684.5,9602.2,9747.1,9574.5,716.61K,0.85%
2020년 2월 20일,9602.4,9611.9,9681.4,9448.9,870.80K,-0.07%
2020년 2월 19일,9609.4,10158.6,10230.9,9424.3,905.95K,-5.40%
2020년 2월 18일,10158.4,9701.5,10230.1,9601.6,945.91K,4.71%
2020년 2월 17일,9701.4,9931.7,9951.5,9468.9,961.88K,-2.32%
2020년 2월 16일,9932.3,9907.4,10056.4,9654.9,808.91K,0.25%
2020년 2월 15일,9907.7,10336,10369.8,9831.7,808.81K,-4.12%
2020년 2월 14일,10333,10235.5,10372.4,10125.2,732.51K,0.96%
2020년 2월 13일,10235.1,10321.9,10482.6,10116.9,940.30K,-0.80%
2020년 2월 12일,10317.7,10229.3,10435.6,10229.3,803.25K,0.86%
2020년 2월 11일,10229.5,9854,10314.1,9725.1,791.28K,3.81%
2020년 2월 10일,9854.1,10151.5,10181.7,9774.8,781.22K,-2.93%
2020년 2월 9일,10151.5,9895.4,10157.1,9882.7,617.35K,2.59%
2020년 2월 8일,9895.5,9817.3,9931.2,9673.2,551.31K,0.78%
2020년 2월 7일,9818.6,9771.9,9872.5,9738.7,608.96K,0.48%
2020년 2월 6일,9772,9611.8,9854.9,9536.1,778.67K,1.67%
2020년 2월 5일,9611.8,9194.1,9726.8,9179.9,771.46K,4.54%
2020년 2월 4일,9193.9,9296.5,9347.5,9193.9,651.68K,-1.10%
2020년 2월 3일,9296.6,9334.6,9582.8,9243.1,701.39K,-0.41%
2020년 2월 2일,9334.9,9381.5,9465.4,9183.1,683.37K,-0.50%
2020년 2월 1일,9381.6,9349.3,9458.8,9301.5,458.42K,0.35%
2020년 1월 31일,9349.1,9508.3,9525,9222.3,633.37K,-1.66%
2020년 1월 30일,9507.3,9299.1,9569,9209.2,765.21K,2.24%
2020년 1월 29일,9298.9,9377.3,9428.7,9250.9,749.88K,-0.84%
2020년 1월 28일,9377.3,8866.6,9389.5,8866.6,954.20K,5.76%
2020년 1월 27일,8866.6,8608.1,8983.1,8585.6,706.45K,3.01%
2020년 1월 26일,8607.8,8341.6,8607.8,8304.9,468.34K,3.19%
2020년 1월 25일,8341.6,8439.9,8447.6,8277.2,444.00K,-1.17%
2020년 1월 24일,8439.9,8404.9,8522,8242.6,617.02K,0.41%
2020년 1월 23일,8405.1,8678.5,8687.3,8309.6,722.67K,-3.15%
2020년 1월 22일,8678.5,8733,8805.4,8610.8,509.06K,-0.62%
2020년 1월 21일,8732.6,8642,8770.3,8524,540.20K,1.05%
2020년 1월 20일,8641.9,8705.7,8740.1,8539.2,599.06K,-0.74%
2020년 1월 19일,8706.2,8916.3,9183.7,8552.8,975.01K,-2.36%
2020년 1월 18일,8916.3,8913,8982.3,8814.6,627.74K,0.04%
2020년 1월 17일,8913.1,8726.7,9005.1,8675.9,794.11K,2.13%
2020년 1월 16일,8726.9,8818.1,8850,8605.8,748.32K,-1.04%
2020년 1월 15일,8818.3,8827.9,8904,8615.5,1.17M,-0.12%
2020년 1월 14일,8829.2,8111.2,8898.7,8111.2,1.48M,8.85%
2020년 1월 13일,8111.4,8188.3,8196.7,8068.4,610.66K,-0.93%
2020년 1월 12일,8187.6,8023.3,8189.9,7973.1,595.22K,2.04%
2020년 1월 11일,8024.1,8187.8,8262.9,8008.4,776.75K,-1.99%
2020년 1월 10일,8187.1,7842.5,8187.4,7697.7,1.05M,4.40%
2020년 1월 9일,7842.4,8060,8065.9,7779.2,786.50K,-2.70%
2020년 1월 8일,8059.6,8154.2,8436.4,7900.8,1.19M,-1.18%
2020년 1월 7일,8155.7,7759.1,8182,7754.1,1.01M,5.11%
2020년 1월 6일,7759.1,7372.6,7783.1,7366.7,786.75K,5.24%
2020년 1월 5일,7372.5,7376.8,7501,7345.6,628.14K,-0.06%
2020년 1월 4일,7376.8,7345.1,7433.1,7291.4,523.91K,0.46%
2020년 1월 3일,7343.1,6967.1,7402.9,6884.1,936.29K,5.40%
2020년 1월 2일,6967,7199.7,7209.6,6901.4,632.78K,-3.23%
2020년 1월 1일,7199.8,7196.4,7259.4,7180,420.28K,0.05%
2019년 12월 31일,7196.4,7261.5,7331,7167.4,586.60K,-0.90%
2019년 12월 30일,7261.8,7397.5,7420.9,7244.1,606.11K,-1.84%
2019년 12월 29일,7397.5,7321.6,7518.9,7303,611.69K,1.04%
2019년 12월 28일,7321.5,7261.9,7375.9,7256.5,610.96K,0.82%
2019년 12월 27일,7261.7,7210.8,7293.8,7128.5,718.07K,0.70%
2019년 12월 26일,7210.9,7225,7414.3,7177.3,795.09K,-0.19%
2019년 12월 25일,7224.8,7268.3,7542.4,7150.9,625.41K,-0.60%
2019년 12월 24일,7268.3,7322.4,7433.2,7185.7,785.54K,-0.74%
2019년 12월 23일,7322.8,7496.2,7684,7276.2,952.16K,-2.31%
2019년 12월 22일,7495.8,7156.3,7501.1,7142,677.94K,4.74%
2019년 12월 21일,7156.2,7196.4,7197.6,7129.6,468.74K,-0.56%
2019년 12월 20일,7196.4,7165.5,7218.4,7107.7,627.04K,0.43%
2019년 12월 19일,7165.5,7276.4,7354,7039.3,778.72K,-1.52%
2019년 12월 18일,7276,6613.5,7387.7,6462.2,1.14M,10.02%
2019년 12월 17일,6613.3,6903.5,6943.5,6575,894.55K,-4.20%
2019년 12월 16일,6903.5,7128.5,7153.1,6864.6,689.56K,-3.16%
2019년 12월 15일,7128.5,7080.8,7175.8,7033.8,492.58K,0.67%
2019년 12월 14일,7080.8,7255.2,7267.4,7043.3,524.56K,-2.40%
2019년 12월 13일,7255.2,7208.4,7288,7200.3,503.49K,0.65%
2019년 12월 12일,7208,7208,7272.4,7124.6,611.80K,0.00%
2019년 12월 11일,7208,7235.8,7284.4,7168.8,518.40K,-0.38%
2019년 12월 10일,7235.7,7356.2,7400.3,7192.1,609.50K,-1.63%
2019년 12월 9일,7355.8,7524.8,7626,7321.6,648.66K,-2.24%
2019년 12월 8일,7524.4,7510.8,7576.4,7416.7,499.04K,0.18%
2019년 12월 7일,7510.9,7530.4,7595.7,7489.6,557.14K,-0.26%
2019년 12월 6일,7530.8,7399.2,7552.1,7329.8,706.10K,1.78%
2019년 12월 5일,7399.2,7204.6,7476.3,7184,780.78K,2.70%
2019년 12월 4일,7204.4,7291.9,7702.2,7113.6,971.75K,-1.20%
2019년 12월 3일,7291.8,7298.1,7389.4,7227.1,548.77K,-0.09%
2019년 12월 2일,7298.2,7395.9,7433.8,7173.6,687.78K,-1.33%
2019년 12월 1일,7396.4,7546.5,7546.5,7244.4,777.00K,-1.99%
2019년 11월 30일,7546.6,7742.7,7787.7,7472.7,650.60K,-2.53%
2019년 11월 29일,7742.7,7426.6,7825.3,7412.3,766.71K,4.26%
2019년 11월 28일,7426.7,7510.6,7639.5,7380.6,737.58K,-1.12%
2019년 11월 27일,7510.6,7162.8,7636.9,6875.4,996.49K,4.86%
2019년 11월 26일,7162.8,7115.5,7329.5,7045.1,844.27K,0.66%
2019년 11월 25일,7115.6,6924.7,7352.8,6534.8,1.29M,2.76%
2019년 11월 24일,6924.7,7325,7344.1,6894.9,904.50K,-5.45%
2019년 11월 23일,7324.1,7271.6,7342.5,7093.7,783.18K,0.71%
2019년 11월 22일,7272.5,7627.9,7700.9,6818.5,1.41M,-4.66%
2019년 11월 21일,7627.9,8099.4,8129.6,7519.7,891.50K,-5.82%
2019년 11월 20일,8099.3,8145.7,8223,8074.2,607.27K,-0.57%
2019년 11월 19일,8145.7,8207.7,8245.6,8032.8,654.27K,-0.76%
2019년 11월 18일,8208.4,8510.3,8516.3,8110.4,692.60K,-3.54%
2019년 11월 17일,8509.8,8497.4,8631.7,8413,531.22K,0.15%
2019년 11월 16일,8497.3,8476.2,8532.8,8450.7,471.16K,0.25%
2019년 11월 15일,8476.3,8660.8,8761.8,8437.1,653.71K,-2.13%
2019년 11월 14일,8661.2,8782.9,8799.8,8615.8,515.43K,-1.39%
2019년 11월 13일,8783.1,8813.2,8829.7,8721.1,454.33K,-0.33%
2019년 11월 12일,8812.6,8737.4,8841.2,8615.7,575.16K,0.87%
2019년 11월 11일,8736.9,9036.9,9066.4,8649.4,601.16K,-3.32%
2019년 11월 10일,9036.8,8804.7,9092.9,8763.5,581.57K,2.64%
2019년 11월 9일,8804.5,8778.1,8877.5,8746.9,512.02K,0.30%
2019년 11월 8일,8778.2,9223.6,9254.8,8722.4,791.79K,-4.83%
2019년 11월 7일,9223.5,9339.2,9367,9130,603.54K,-1.24%
2019년 11월 6일,9338.9,9311.2,9424.6,9262.7,578.03K,0.30%
2019년 11월 5일,9310.8,9396.1,9452.7,9193.9,653.42K,-0.91%
2019년 11월 4일,9396.4,9198.7,9500.4,9134.1,681.01K,2.15%
2019년 11월 3일,9198.3,9300.5,9359.1,9095,536.56K,-1.10%
2019년 11월 2일,9300.6,9230.3,9356.7,9201.2,570.74K,0.76%
2019년 11월 1일,9230.1,9153.1,9270.4,9057.2,689.65K,0.85%
2019년 10월 31일,9152.6,9157.9,9378.9,8959.6,798.93K,-0.06%
2019년 10월 30일,9157.9,9411.3,9411.3,9018.4,789.73K,-2.69%
2019년 10월 29일,9411.3,9206.5,9531.3,9125.3,918.48K,2.22%
2019년 10월 28일,9207.2,9530.1,9866.9,9202.5,1.04M,-3.38%
2019년 10월 27일,9529.6,9230.6,9773.2,9081,1.16M,3.24%
2019년 10월 26일,9230.6,8658.4,10540,8061.8,1.78M,6.61%
2019년 10월 25일,8658.3,7422.8,8697.7,7404.9,1.18M,16.65%
2019년 10월 24일,7422.7,7476.8,7501.5,7366.3,586.49K,-0.73%
2019년 10월 23일,7477,8031,8055,7329.2,892.08K,-6.90%
2019년 10월 22일,8031.4,8207.4,8289.1,8017.7,570.39K,-2.15%
2019년 10월 21일,8208.2,8224.1,8315.3,8155.7,489.40K,-0.18%
2019년 10월 20일,8223.4,7957.4,8288.5,7889.6,513.91K,3.34%
2019년 10월 19일,7957.3,7948.3,8060.2,7892.4,428.83K,0.11%
2019년 10월 18일,7948.5,8073.3,8116.4,7842,505.79K,-1.55%
2019년 10월 17일,8073.3,8000.4,8118.2,7944.4,444.95K,0.91%
2019년 10월 16일,8000.4,8167.1,8185.9,7929.8,538.92K,-2.04%
2019년 10월 15일,8167.2,8353.4,8400.2,8139.5,469.73K,-2.23%
2019년 10월 14일,8353.3,8281.3,8374.3,8222.2,505.02K,0.87%
2019년 10월 13일,8281.5,8304.3,8450.2,8190.6,419.87K,-0.28%
2019년 10월 12일,8304.4,8267.6,8394.8,8260.9,424.02K,0.44%
2019년 10월 11일,8267.8,8562.2,8751.1,8249.7,667.86K,-3.44%
2019년 10월 10일,8562.3,8566.8,8638.5,8438.7,511.46K,-0.05%
2019년 10월 9일,8566.7,8180.1,8655.9,8122.7,636.43K,4.69%
2019년 10월 8일,8182.9,8198.5,8323.1,8118.1,469.04K,-0.19%
2019년 10월 7일,8198.6,7882.6,8293.5,7797,604.74K,4.02%
2019년 10월 6일,7881.9,8127.3,8145.5,7834.9,448.80K,-3.02%
2019년 10월 5일,8127.3,8148,8185.1,8030.6,360.92K,-0.25%
2019년 10월 4일,8148.1,8227.6,8233.6,8041.4,416.92K,-0.96%
2019년 10월 3일,8226.9,8363.6,8391.7,8090.1,460.97K,-1.64%
2019년 10월 2일,8364.1,8302.7,8374,8167.7,405.86K,0.74%
2019년 10월 1일,8302.7,8285,8486.2,8187.9,533.95K,0.22%
2019년 9월 30일,8284.3,8048.9,8318.5,7749,600.26K,2.92%
2019년 9월 29일,8049.1,8208,8226.8,7922.1,418.48K,-1.94%
2019년 9월 28일,8208.5,8184.5,8297.2,8031.1,457.79K,0.29%
2019년 9월 27일,8184.9,8063.8,8257.4,7882.1,561.40K,1.50%
2019년 9월 26일,8063.8,8432.5,8463.1,7773.6,731.03K,-4.37%
2019년 9월 25일,8432.4,8512.3,8729.8,8245.1,696.11K,-0.96%
2019년 9월 24일,8513.9,9702.7,9793.8,8069.4,933.16K,-12.25%
2019년 9월 23일,9702.2,10031.3,10048.8,9656.3,431.10K,-3.28%
2019년 9월 22일,10031.6,9993,10075,9870.9,337.06K,0.39%
2019년 9월 21일,9993,10172.8,10177.9,9939.8,326.17K,-1.77%
2019년 9월 20일,10172.7,10251.5,10279.5,10088.6,362.07K,-0.76%
2019년 9월 19일,10250.5,10164.6,10297.6,9707.6,542.25K,0.84%
2019년 9월 18일,10164.7,10195.7,10257.5,10119.3,318.82K,-0.30%
2019년 9월 17일,10195.7,10254.6,10273.6,10153.5,321.64K,-0.58%
2019년 9월 16일,10255.5,10311.3,10360.5,10108.5,372.53K,-0.54%
2019년 9월 15일,10311.5,10337.3,10360.4,10272,255.79K,-0.25%
2019년 9월 14일,10337.3,10342.2,10421.4,10253.7,326.44K,-0.05%
2019년 9월 13일,10342.1,10415.2,10441.4,10174.1,365.52K,-0.70%
2019년 9월 12일,10415.1,10162.4,10447.9,10051,413.22K,2.49%
2019년 9월 11일,10162.5,10104.9,10257.5,9908.9,413.06K,0.57%
2019년 9월 10일,10105.4,10308.7,10379.8,9970.7,383.22K,-1.98%
2019년 9월 9일,10309,10402.1,10478,10095.7,473.76K,-0.90%
2019년 9월 8일,10402.8,10461.6,10578,10266.3,339.73K,-0.56%
2019년 9월 7일,10461.1,10306.9,10556.4,10302.3,393.57K,1.47%
2019년 9월 6일,10309.3,10566.7,10896.2,10227.4,643.02K,-2.44%
2019년 9월 5일,10566.9,10567.8,10630.7,10469.9,402.09K,-0.01%
2019년 9월 4일,10568.2,10611.6,10783.6,10388.6,504.45K,-0.42%
2019년 9월 3일,10612.3,10348.1,10756.8,10283.5,578.79K,2.55%
2019년 9월 2일,10348.8,9728.8,10431.5,9720.3,542.79K,6.37%
2019년 9월 1일,9729.3,9594.7,9799.5,9533.6,322.66K,1.41%
2019년 8월 31일,9594.4,9585.5,9677.5,9457.3,311.49K,0.09%
2019년 8월 30일,9585.4,9494.1,9675.7,9370.2,413.92K,0.99%
2019년 8월 29일,9491,9729.1,9729.1,9343,509.13K,-2.45%
2019년 8월 28일,9729.4,10184.7,10271.3,9629.6,580.29K,-4.47%
2019년 8월 27일,10184.8,10372.2,10387.6,10060.2,419.81K,-1.80%
2019년 8월 26일,10371.8,10136,10568.2,10136,568.77K,2.32%
2019년 8월 25일,10136.3,10132.1,10307,9935.2,422.53K,0.05%
2019년 8월 24일,10131,10389.4,10415.9,9917.5,463.85K,-2.48%
2019년 8월 23일,10388.7,10104.9,10434.3,9921.4,436.26K,2.81%
2019년 8월 22일,10105,10141.1,10218.2,9777,520.75K,-0.36%
2019년 8월 21일,10141.5,10753.3,10797.8,9908,717.65K,-5.68%
2019년 8월 20일,10752.6,10911.2,10941.6,10581,515.47K,-1.45%
2019년 8월 19일,10910.7,10312.8,10923.9,10267.8,519.01K,5.80%
2019년 8월 18일,10312.7,10219.3,10494.9,10086.7,441.11K,0.93%
2019년 8월 17일,10218.1,10335.5,10460.7,10016.3,497.77K,-1.14%
2019년 8월 16일,10335.6,10300.9,10734,9788.6,798.67K,0.31%
2019년 8월 15일,10303.4,10053.3,10448.2,9580.1,930.05K,2.53%
2019년 8월 14일,10049.4,10894.2,10894.5,9965.5,745.59K,-7.74%
2019년 8월 13일,10892.9,11395,11445.6,10793.2,540.78K,-4.40%
2019년 8월 12일,11394.2,11505.1,11508.6,11267.3,391.08K,-1.07%
2019년 8월 11일,11517.2,11314.6,11728.4,11146.1,435.83K,1.79%
2019년 8월 10일,11314.5,12090.5,12185,11281.6,570.74K,-6.41%
2019년 8월 9일,12089.8,12190,12225.3,11885,558.72K,-0.84%
2019년 8월 8일,12191.6,12015.9,12236.6,11727,592.15K,1.48%
2019년 8월 7일,12013.9,11481,12114.5,11406.4,702.85K,4.64%
2019년 8월 6일,11480.9,11817.6,12291.9,11237,807.58K,-2.84%
2019년 8월 5일,11816.8,10934.8,11922.3,10934.8,769.63K,8.07%
2019년 8월 4일,10934.6,10816.1,11017.7,10568.8,585.71K,1.10%
2019년 8월 3일,10815.7,10519.9,10893.6,10504.5,508.75K,2.81%
2019년 8월 2일,10520.1,10380.5,10664.8,10330.5,578.29K,1.35%
2019년 8월 1일,10380,10081.9,10459,9890.6,608.37K,2.96%
2019년 7월 31일,10082,9580.3,10100,9562.4,589.84K,5.23%
2019년 7월 30일,9580.7,9580,9703,9483,511.51K,0.00%
2019년 7월 29일,9580.9,9728.5,9835.4,9502.5,510.90K,-1.51%
2019년 7월 28일,9727.8,9491.1,9798.5,9401.1,518.59K,2.48%
2019년 7월 27일,9492.1,9830.4,10232.3,9389.1,661.89K,-3.45%
2019년 7월 26일,9831,9945.2,10436.1,9724.2,493.75K,-1.15%
2019년 7월 25일,9945.3,9804.7,10203.5,9776.6,545.85K,1.44%
2019년 7월 24일,9804.3,9887.2,9945.3,9584,639.54K,-0.85%
2019년 7월 23일,9888.7,10412.8,10414.7,9865.4,663.38K,-5.03%
2019년 7월 22일,10412.5,10715.1,10806.3,10196.5,591.27K,-2.82%
2019년 7월 21일,10714.4,10827,10883.8,10442.5,562.17K,-1.04%
2019년 7월 20일,10826.7,10571.9,11155.6,10462,668.94K,2.41%
2019년 7월 19일,10571.5,10651.6,10758.4,10160.7,727.79K,-0.75%
2019년 7월 18일,10651.4,9723.1,10787.1,9390,974.49K,9.55%
2019년 7월 17일,9723.2,9425.1,9983.6,9082.6,1.03M,3.17%
2019년 7월 16일,9424.8,10844,11019.5,9375.3,1.05M,-13.10%
2019년 7월 15일,10845.9,10199.9,11064.7,9885.4,956.52K,6.33%
2019년 7월 14일,10200.1,11364.3,11448.7,10128.9,840.76K,-10.25%
2019년 7월 13일,11364.9,11762.8,11798.4,10839.4,747.71K,-3.38%
2019년 7월 12일,11762.1,11343.7,11881.4,11109.8,738.17K,3.70%
2019년 7월 11일,11342.3,12111.6,12111.6,11029,943.13K,-6.34%
2019년 7월 10일,12110.6,12542.8,13134.4,11594.9,1.11M,-3.44%
2019년 7월 9일,12541.5,12250.6,12772.9,12111.2,847.84K,2.36%
2019년 7월 8일,12252.6,11415.8,12332.3,11304.8,695.60K,7.33%
2019년 7월 7일,11415.9,11267.9,11524.6,11108.1,601.93K,1.31%
2019년 7월 6일,11268,10969.8,11650.2,10967.9,688.96K,2.71%
2019년 7월 5일,10970.2,11159.7,11381.8,10810.3,772.67K,-1.73%
2019년 7월 4일,11163.1,11899.3,11948,11087.1,840.34K,-6.20%
2019년 7월 3일,11900.8,10835.9,11931.8,10835.9,998.73K,9.83%
2019년 7월 2일,10835.9,10615.5,10923.5,9728.5,1.12M,2.07%
2019년 7월 1일,10616.6,10821.4,11254.5,10041.6,1.04M,-1.87%
2019년 6월 30일,10818.6,11906,12179.3,10765.4,880.77K,-9.14%
2019년 6월 29일,11906.5,12408,12422.9,11490.8,834.62K,-4.05%
2019년 6월 28일,12409.1,11288.4,12461.8,10970.5,1.09M,9.93%
2019년 6월 27일,11287.8,13062.4,13422,10493.5,1.59M,-13.59%
2019년 6월 26일,13063.8,11811.6,13929.8,11747.3,1.48M,10.62%
2019년 6월 25일,11809.9,11046.6,11833.9,11033.7,781.09K,6.91%
2019년 6월 24일,11046.4,10897.3,11114.4,10622.6,566.96K,1.37%
2019년 6월 23일,10897.1,10721.5,11361.3,10557.8,683.79K,1.64%
2019년 6월 22일,10721.7,10178.1,11160.5,10031.3,1.09M,5.33%
2019년 6월 21일,10179.3,9517.7,10184.3,9517.4,769.12K,6.96%
2019년 6월 20일,9517,9255,9583.9,9188.4,693.62K,2.83%
2019년 6월 19일,9255.4,9080.7,9295.1,9044,587.57K,1.93%
2019년 6월 18일,9080.6,9318.9,9336.1,8962.7,723.17K,-2.56%
2019년 6월 17일,9318.8,8961,9438.1,8959.8,738.80K,3.98%
2019년 6월 16일,8962.5,8812.2,9332,8771.1,849.77K,1.70%
2019년 6월 15일,8812.5,8655.8,8856.7,8582.3,608.69K,1.81%
2019년 6월 14일,8656.1,8218.6,8685.3,8153.2,643.17K,5.32%
2019년 6월 13일,8219,8132.4,8306.1,8028.6,574.21K,1.06%
2019년 6월 12일,8133.1,7888,8198.1,7805.8,607.89K,3.11%
2019년 6월 11일,7888,7987.8,8010.4,7714.5,579.00K,-1.25%
2019년 6월 10일,7987.8,7635,8012.8,7523.6,641.38K,4.62%
2019년 6월 9일,7635,7901.6,7937.5,7516.9,554.48K,-3.37%
2019년 6월 8일,7901.4,7985.3,8044.4,7770.5,485.81K,-1.05%
2019년 6월 7일,7985.2,7785.8,8099.4,7749.4,588.87K,2.57%
2019년 6월 6일,7784.9,7779.6,7861.4,7480.4,651.82K,0.08%
2019년 6월 5일,7779.1,7685.6,7885,7590.4,762.94K,1.22%
2019년 6월 4일,7685.5,8118.1,8118.1,7494,966.95K,-5.41%
2019년 6월 3일,8124.8,8728.6,8734.9,8102.7,739.45K,-6.92%
2019년 6월 2일,8728.6,8545.8,8807.7,8534.8,614.54K,2.14%
2019년 6월 1일,8545.7,8556.9,8615.8,8454,686.75K,-0.15%
2019년 5월 31일,8558.3,8271.4,8578.8,8135,858.41K,3.46%
2019년 5월 30일,8271.9,8647.8,9045.9,8054.7,1.04M,-4.35%
2019년 5월 29일,8647.8,8715.6,8747.2,8435.3,15.43M,-0.79%
2019년 5월 28일,8716.3,8759.4,8794.1,8568.8,763.20K,-0.50%
2019년 5월 27일,8760.1,8628.9,8902.8,8607.3,907.96K,1.51%
2019년 5월 26일,8630.2,8029.6,8718.6,7866.5,872.12K,7.51%
2019년 5월 25일,8027.4,7971.4,8090.1,7919.1,691.27K,0.72%
2019년 5월 24일,7970.1,7852.8,8124.1,7775.4,868.47K,1.50%
2019년 5월 23일,7852.1,7637.2,7939.1,7486.8,815.14K,2.83%
2019년 5월 22일,7635.7,7928.7,7999,7545.9,821.40K,-3.72%
2019년 5월 21일,7930.3,7965,8056.8,7813.2,804.88K,-0.44%
2019년 5월 20일,7965.3,8156.4,8156.4,7604,958.81K,-2.35%
2019년 5월 19일,8157.2,7261.9,8253.4,7252.3,1.08M,12.32%
2019년 5월 18일,7262.6,7359.9,7458.5,7189.4,865.53K,-1.32%
2019년 5월 17일,7359.5,7871.9,7924,6998.6,1.43M,-6.51%
2019년 5월 16일,7871.8,8164.8,8293.3,7720.4,1.18M,-3.59%
2019년 5월 15일,8164.6,7994.8,8225.3,7856.5,1.13M,2.13%
2019년 5월 14일,7994.6,7806.4,8323.9,7674,1.33M,2.42%
2019년 5월 13일,7806,6984.7,8058.3,6893.1,1.20M,11.76%
2019년 5월 12일,6984.8,7190,7518.9,6802.6,1.35M,-2.86%
2019년 5월 11일,7190.3,6386.6,7373.8,6386.5,1.31M,12.59%
2019년 5월 10일,6386,6194.3,6466.6,6157.8,907.94K,3.14%
2019년 5월 9일,6191.5,5990.5,6206,5990,799.96K,3.36%
2019년 5월 8일,5990.3,5849.4,6011.3,5799.1,757.13K,2.41%
2019년 5월 7일,5849.5,5745.5,6019.8,5745.5,955.88K,1.82%
2019년 5월 6일,5745.1,5775.1,5801.4,5630.5,755.39K,-0.52%
2019년 5월 5일,5774.9,5830.8,5838.2,5708.2,709.02K,-0.96%
2019년 5월 4일,5830.9,5768,5899.2,5605,920.61K,1.11%
2019년 5월 3일,5766.8,5493.6,5844.2,5478.7,1.04M,4.97%
2019년 5월 2일,5493.8,5384.6,5530.8,5370,722.23K,2.04%
2019년 5월 1일,5384.2,5321.1,5396.3,5319.5,623.64K,1.19%
2019년 4월 30일,5320.8,5235.4,5336.6,5195.9,697.42K,1.64%
2019년 4월 29일,5235,5302.4,5322.9,5188.9,775.82K,-1.27%
2019년 4월 28일,5302.3,5265.7,5332.5,5234.4,681.41K,0.69%
2019년 4월 27일,5265.9,5298.2,5318.1,5225.4,833.13K,-0.61%
2019년 4월 26일,5298.3,5209.2,5469.3,5159.3,1.03M,1.71%
2019년 4월 25일,5209.1,5415.6,5528.2,5137.4,955.36K,-3.81%
2019년 4월 24일,5415.6,5511.2,5589.6,5346.8,994.04K,-1.74%
2019년 4월 23일,5511.6,5346.5,5594.4,5291.4,900.00K,3.08%
2019년 4월 22일,5346.7,5248.2,5370.2,5170.2,920.77K,1.97%
2019년 4월 21일,5243.5,5290.2,5308.2,5189.8,811.41K,-0.88%
2019년 4월 20일,5290.2,5241,5327,5240.2,782.32K,0.94%
2019년 4월 19일,5241,5264.8,5282.4,5192.1,787.09K,-0.45%
2019년 4월 18일,5264.7,5208.3,5293.1,5205,727.97K,1.08%
2019년 4월 17일,5208.3,5182.1,5230.9,5165.5,806.52K,0.53%
2019년 4월 16일,5180.9,5031.4,5198.4,5014.4,631.05K,2.95%
2019년 4월 15일,5032.3,5135.1,5168,4964.2,688.20K,-2.00%
2019년 4월 14일,5134.8,5052,5153.5,5010.7,566.38K,1.64%
2019년 4월 13일,5051.8,5054.2,5093.4,5011.6,577.16K,-0.05%
2019년 4월 12일,5054.2,5022.7,5080.5,4889.2,779.14K,0.63%
2019년 4월 11일,5022.6,5307.7,5337,4948,943.49K,-5.37%
2019년 4월 10일,5307.8,5158.4,5404.1,5142.9,837.51K,2.89%
2019년 4월 9일,5158.4,5245,5245.9,5095.2,784.62K,-1.65%
2019년 4월 8일,5245.2,5173.5,5300.6,5060.5,928.23K,1.38%
2019년 4월 7일,5173.6,5046.1,5219.5,5033.7,841.27K,2.53%
2019년 4월 6일,5046.2,5010,5198.4,4947.9,952.18K,0.72%
2019년 4월 5일,5010.2,4902.5,5029.4,4888.3,851.72K,2.20%
2019년 4월 4일,4902.4,4968.7,5042.5,4789.2,1.05M,-1.33%
2019년 4월 3일,4968.7,4859.3,5278.4,4814,13.83M,2.25%
2019년 4월 2일,4859.3,4145.1,4899.6,4143.5,14.77M,17.23%
2019년 4월 1일,4145.1,4102.3,4159.1,4076.8,3.22M,1.04%
2019년 3월 31일,4102.3,4111.8,4121.9,4082.2,2.43M,-0.23%
2019년 3월 30일,4111.8,4103.7,4138.1,4057.1,2.55M,0.23%
2019년 3월 29일,4102.2,4025.7,4123.1,4022.6,3.30M,1.90%
2019년 3월 28일,4025.6,4041.7,4041.7,4008.4,2.11M,-0.40%
2019년 3월 27일,4041.7,3942.8,4043.3,3936.2,2.78M,2.51%
2019년 3월 26일,3942.8,3937.1,3950.7,3899.9,2.53M,0.15%
2019년 3월 25일,3937,3994.8,4000.5,3897.9,2.86M,-1.44%
2019년 3월 24일,3994.7,4002.6,4005.7,3967,2.04M,-0.20%
2019년 3월 23일,4002.5,3990.4,4018.2,3980.8,2.00M,0.30%
2019년 3월 22일,3990.4,3982.2,4005.7,3971.8,2.83M,0.21%
2019년 3월 21일,3982.2,4041.2,4064,3923.8,3.88M,-1.46%
2019년 3월 20일,4041.2,4017,4050,3985.3,3.18M,0.60%
2019년 3월 19일,4017,3990.2,4029.9,3972.4,2.99M,0.67%
2019년 3월 18일,3990.2,3981.5,4032.3,3958.5,2.62M,0.22%
2019년 3월 17일,3981.5,4006.4,4009.8,3956.3,1.87M,-0.62%
2019년 3월 16일,4006.4,3924.4,4050.6,3923.7,3.46M,2.09%
2019년 3월 15일,3924.3,3879,3935.7,3874.8,3.11M,1.17%
2019년 3월 14일,3879,3865.1,3914.7,3828.4,2.86M,0.36%
2019년 3월 13일,3865.1,3885.9,3894.7,3847.4,2.28M,-0.54%
2019년 3월 12일,3886,3870.3,3900.1,3817.1,2.90M,0.41%
2019년 3월 11일,3870.3,3915.2,3935.5,3842.4,3.19M,-1.15%
2019년 3월 10일,3915.2,3944.4,3944.5,3889.2,1.89M,-0.74%
2019년 3월 9일,3944.3,3865.6,3964,3859.7,2.48M,2.03%
2019년 3월 8일,3865.9,3875.1,3929,3810.7,2.96M,-0.24%
2019년 3월 7일,3875.1,3863.1,3907.4,3847.9,2.60M,0.32%
2019년 3월 6일,3863,3857.2,3887.3,3816.7,2.52M,0.15%
2019년 3월 5일,3857.2,3715.9,3873.2,3705.7,3.82M,3.80%
2019년 3월 4일,3715.9,3809.7,3828.4,3681.8,2.85M,-2.45%
2019년 3월 3일,3809.5,3823.2,3836.6,3789.7,1.51M,-0.36%
2019년 3월 2일,3823.1,3821.9,3843.2,3783.6,1.61M,0.03%
2019년 3월 1일,3821.9,3816.7,3855.8,3816.4,1.74M,0.14%
2019년 2월 28일,3816.6,3814.6,3883.7,3783.3,2.31M,0.05%